Name,Email,Timestamp
Gayatri Kailaswar,kailaswargayatri@gmail.com,Sat Jun 14 2025 20:09:55 GMT+0530 (India Standard Time)
Gayatri Kailaswar,kailaswargayatri@gmail.com,Sat Jun 14 2025 20:18:35 GMT+0530 (India Standard Time)
Ashutosh Kailaswar ,ashutoshkailaswar102@gmail.com,Sat Jun 14 2025 21:10:18 GMT+0530 (India Standard Time)
rajesh,raju@1223,Sat Jun 14 2025 21:12:13 GMT+0530 (India Standard Time)
Gayatri Kailaswar,kailaswargayatri@gmail.com,Sat Jun 14 2025 21:32:42 GMT+0530 (India Standard Time)
shilpa,shilpa@1324,Sat Jun 14 2025 21:32:58 GMT+0530 (India Standard Time)
Gayatri Kailaswar,kailaswargayatri@gmail.com,Sat Jun 14 2025 21:43:09 GMT+0530 (India Standard Time)
Gayatri Kailaswar,kailaswargayatri@gmail.com,Tue Jun 17 2025 22:02:11 GMT+0530 (India Standard Time)
Gayatri Kailaswar,kailaswargayatri@gmail.com,Tue Jun 17 2025 22:48:05 GMT+0530 (India Standard Time)